year,season_start,season_end,l4,l5,l7,l7_slc_off,l8,l9,total_scenes,path_rows,mean_cloud,obs_per_pixel,pct_covered,district,verdict,usable
1985,1984-11-01,1985-03-31,0,0,0,0,0,0,0,0,,0.0,0.0,gazipur,unusable — no scenes,False
1986,1985-11-01,1986-03-31,0,0,0,0,0,0,0,0,,0.0,0.0,gazipur,unusable — no scenes,False
1987,1986-11-01,1987-03-31,0,0,0,0,0,0,0,0,,0.0,0.0,gazipur,unusable — no scenes,False
1988,1987-11-01,1988-03-31,0,6,0,0,0,0,6,2,6.666666666666667,2.9682736202119124,100.0,gazipur,annual,True
1989,1988-11-01,1989-03-31,6,11,0,0,0,0,17,2,3.176470588235294,8.580517660814502,100.0,gazipur,annual,True
1990,1989-11-01,1990-03-31,0,11,0,0,0,0,11,2,6.727272727272728,5.879589335270776,100.0,gazipur,annual,True
1991,1990-11-01,1991-03-31,0,9,0,0,0,0,9,2,8.555555555555555,3.95115452899376,100.0,gazipur,annual,True
1992,1991-11-01,1992-03-31,0,12,0,0,0,0,12,2,1.75,6.434894534296265,100.0,gazipur,annual,True
1993,1992-11-01,1993-03-31,0,11,0,0,0,0,11,2,3.909090909090909,6.060082742980288,100.0,gazipur,annual,True
1994,1993-11-01,1994-03-31,0,10,0,0,0,0,10,2,4.2,5.388749913066579,100.0,gazipur,annual,True
1995,1994-11-01,1995-03-31,0,15,0,0,0,0,15,2,6.733333333333333,7.6218220754091615,100.0,gazipur,annual,True
1996,1995-11-01,1996-03-31,0,7,0,0,0,0,7,2,12.714285714285714,3.0496814441153064,100.0,gazipur,annual,True
1997,1996-11-01,1997-03-31,0,10,0,0,0,0,10,2,6.2,5.277652158226281,100.0,gazipur,annual,True
1998,1997-11-01,1998-03-31,0,10,0,0,0,0,10,2,11.7,3.338174422541344,100.0,gazipur,annual,True
1999,1998-11-01,1999-03-31,0,10,0,0,0,0,10,2,3.0,5.08176791367166,100.0,gazipur,annual,True
2000,1999-11-01,2000-03-31,0,11,5,0,0,0,16,2,6.0,8.06491377085652,100.0,gazipur,annual,True
2001,2000-11-01,2001-03-31,0,14,6,0,0,0,20,2,9.6,9.56270292558816,100.0,gazipur,annual,True
2002,2001-11-01,2002-03-31,0,0,10,0,0,0,10,2,7.3,5.305683911083256,100.0,gazipur,annual,True
2003,2002-11-01,2003-03-31,0,0,16,0,0,0,16,2,3.9375,8.047844809782575,100.0,gazipur,annual,True
2004,2003-11-01,2004-03-31,0,6,14,14,0,0,20,2,6.9,9.48352165675186,100.0,gazipur,annual,True
2005,2004-11-01,2005-03-31,0,14,16,16,0,0,30,2,7.666666666666667,12.915701220104204,100.0,gazipur,annual,True
2006,2005-11-01,2006-03-31,0,6,15,15,0,0,21,2,5.047619047619048,9.512506058863387,100.0,gazipur,annual,True
2007,2006-11-01,2007-03-31,0,17,10,10,0,0,27,2,5.962962962962963,12.252878511713716,100.0,gazipur,annual,True
2008,2007-11-01,2008-03-31,0,3,12,12,0,0,15,2,13.666666666666666,6.8074264631383015,100.0,gazipur,annual,True
2009,2008-11-01,2009-03-31,0,11,14,14,0,0,25,2,6.08,11.700392956785365,100.0,gazipur,annual,True
2010,2009-11-01,2010-03-31,0,8,10,10,0,0,18,2,2.7777777777777777,8.070021397098891,100.0,gazipur,annual,True
2011,2010-11-01,2011-03-31,0,16,16,16,0,0,32,2,5.34375,15.588072661878904,100.0,gazipur,annual,True
2012,2011-11-01,2012-03-31,0,0,13,13,0,0,13,2,3.769230769230769,4.903683930146829,100.0,gazipur,annual,True
2013,2012-11-01,2013-03-31,0,0,16,16,0,0,16,2,3.625,7.679889551289327,100.0,gazipur,annual,True
2014,2013-11-01,2014-03-31,0,0,14,14,14,0,28,2,3.4775,15.256852737758996,100.0,gazipur,annual,True
2015,2014-11-01,2015-03-31,0,0,15,15,12,0,27,2,8.714074074074073,10.367073568104828,100.0,gazipur,annual,True
2016,2015-11-01,2016-03-31,0,0,13,13,12,0,25,2,6.0328,13.442701421683845,100.0,gazipur,annual,True
2017,2016-11-01,2017-03-31,0,0,15,15,18,0,33,2,4.793636363636364,18.22552157414306,100.0,gazipur,annual,True
2018,2017-11-01,2018-03-31,0,0,12,12,14,0,26,2,7.178461538461538,13.38535959729258,100.0,gazipur,annual,True
2019,2018-11-01,2019-03-31,0,0,14,14,15,0,29,2,4.468965517241379,14.971835861198816,100.0,gazipur,annual,True
2020,2019-11-01,2020-03-31,0,0,11,11,15,0,26,2,7.237692307692305,12.440459509847244,100.0,gazipur,annual,True
2021,2020-11-01,2021-03-31,0,0,16,16,12,0,28,2,7.872499999999998,14.641526752375118,100.0,gazipur,annual,True
2022,2021-11-01,2022-03-31,0,0,13,13,14,9,36,3,6.017777777777778,18.32092506355409,100.0,gazipur,annual,True
2023,2022-11-01,2023-03-31,0,0,23,23,18,16,57,5,6.443508771929825,29.018008195219533,100.0,gazipur,annual,True
2024,2023-11-01,2024-03-31,0,0,6,6,8,12,26,4,6.354615384615385,12.992984427529656,100.0,gazipur,annual,True
1985,1984-11-01,1985-03-31,0,0,0,0,0,0,0,0,,0.0,0.0,sylhet,unusable — no scenes,False
1986,1985-11-01,1986-03-31,0,0,0,0,0,0,0,0,,0.0,0.0,sylhet,unusable — no scenes,False
1987,1986-11-01,1987-03-31,0,0,0,0,0,0,0,0,,0.0,0.0,sylhet,unusable — no scenes,False
1988,1987-11-01,1988-03-31,0,8,0,0,0,0,8,3,6.375,2.472384714929035,100.0,sylhet,annual,True
1989,1988-11-01,1989-03-31,9,15,0,0,0,0,24,3,7.458333333333333,7.773624466885387,100.0,sylhet,annual,True
1990,1989-11-01,1990-03-31,0,19,0,0,0,0,19,3,12.0,6.987604438616724,100.0,sylhet,annual,True
1991,1990-11-01,1991-03-31,0,9,0,0,0,0,9,3,7.444444444444445,1.3925598657695335,100.0,sylhet,annual,True
1992,1991-11-01,1992-03-31,0,17,0,0,0,0,17,3,5.882352941176471,3.662700543311123,100.0,sylhet,annual,True
1993,1992-11-01,1993-03-31,0,17,0,0,0,0,17,3,3.588235294117647,6.401856093885227,100.0,sylhet,annual,True
1994,1993-11-01,1994-03-31,0,14,0,0,0,0,14,3,5.642857142857143,4.516814335222944,100.0,sylhet,annual,True
1995,1994-11-01,1995-03-31,0,22,0,0,0,0,22,3,8.636363636363637,6.698921844546203,100.0,sylhet,annual,True
1996,1995-11-01,1996-03-31,0,12,0,0,0,0,12,3,11.666666666666666,4.590906937758402,100.0,sylhet,annual,True
1997,1996-11-01,1997-03-31,0,14,0,0,0,0,14,3,11.071428571428571,4.26746440447726,100.0,sylhet,annual,True
1998,1997-11-01,1998-03-31,0,10,0,0,0,0,10,3,15.5,2.7878900905070947,100.0,sylhet,annual,True
1999,1998-11-01,1999-03-31,0,17,0,0,0,0,17,3,3.0588235294117645,7.125516470068464,100.0,sylhet,annual,True
2000,1999-11-01,2000-03-31,0,18,9,0,0,0,27,3,7.481481481481482,10.00399953675047,100.0,sylhet,annual,True
2001,2000-11-01,2001-03-31,0,23,10,0,0,0,33,3,7.393939393939394,11.410858128714338,100.0,sylhet,annual,True
2002,2001-11-01,2002-03-31,0,0,15,0,0,0,15,3,7.6,3.466710747482197,100.0,sylhet,annual,True
2003,2002-11-01,2003-03-31,0,0,21,0,0,0,21,3,4.095238095238095,6.687395621993598,100.0,sylhet,annual,True
2004,2003-11-01,2004-03-31,0,11,21,21,0,0,32,3,8.03125,10.76816953589819,100.0,sylhet,annual,True
2005,2004-11-01,2005-03-31,0,18,20,20,0,0,38,3,8.421052631578947,9.956085008152549,100.0,sylhet,annual,True
2006,2005-11-01,2006-03-31,0,9,18,18,0,0,27,3,5.62962962962963,8.74250758235406,100.0,sylhet,annual,True
2007,2006-11-01,2007-03-31,0,24,17,17,0,0,41,3,7.146341463414634,13.9387483050084,100.0,sylhet,annual,True
2008,2007-11-01,2008-03-31,0,8,21,21,0,0,29,3,12.862068965517242,8.040999914026553,100.0,sylhet,annual,True
2009,2008-11-01,2009-03-31,0,22,23,23,0,0,45,4,8.488888888888889,17.350410872861673,100.0,sylhet,annual,True
2010,2009-11-01,2010-03-31,0,15,20,20,0,0,35,3,9.885714285714286,11.175803474035716,100.0,sylhet,annual,True
2011,2010-11-01,2011-03-31,0,22,23,23,0,0,45,3,6.288888888888889,14.224052571734187,100.0,sylhet,annual,True
2012,2011-11-01,2012-03-31,0,1,22,22,0,0,23,3,8.608695652173912,8.049061835792193,100.0,sylhet,annual,True
2013,2012-11-01,2013-03-31,0,0,20,20,0,0,20,3,6.8,3.888412160038903,100.0,sylhet,annual,True
2014,2013-11-01,2014-03-31,0,0,25,25,25,0,50,3,6.178999999999998,16.257139385702054,100.0,sylhet,annual,True
2015,2014-11-01,2015-03-31,0,0,22,22,20,0,42,3,10.579761904761906,14.573203961641276,100.0,sylhet,annual,True
2016,2015-11-01,2016-03-31,0,0,22,22,21,0,43,3,9.7446511627907,12.444178339131076,100.0,sylhet,annual,True
2017,2016-11-01,2017-03-31,0,0,25,25,25,0,50,3,4.8152,17.728919209394938,100.0,sylhet,annual,True
2018,2017-11-01,2018-03-31,0,0,23,23,24,0,47,3,9.83063829787234,14.383346160968772,100.0,sylhet,annual,True
2019,2018-11-01,2019-03-31,0,0,24,24,20,0,44,3,6.6431818181818185,12.830437060260286,100.0,sylhet,annual,True
2020,2019-11-01,2020-03-31,0,0,19,19,24,0,43,3,9.797906976744184,13.762421344091264,100.0,sylhet,annual,True
2021,2020-11-01,2021-03-31,0,0,24,24,23,0,47,3,9.967234042553192,14.518673207859315,100.0,sylhet,annual,True
2022,2021-11-01,2022-03-31,0,0,20,20,22,15,57,4,8.595614035087719,21.670173985256955,100.0,sylhet,annual,True
2023,2022-11-01,2023-03-31,0,0,22,22,25,27,74,5,7.406216216216213,25.419757219204836,100.0,sylhet,annual,True
2024,2023-11-01,2024-03-31,0,0,5,5,18,20,43,4,7.351627906976743,14.729977652499825,100.0,sylhet,annual,True
1985,1984-11-01,1985-03-31,0,0,0,0,0,0,0,0,,0.0,0.0,bandarban,unusable — no scenes,False
1986,1985-11-01,1986-03-31,0,0,0,0,0,0,0,0,,0.0,0.0,bandarban,unusable — no scenes,False
1987,1986-11-01,1987-03-31,0,0,0,0,0,0,0,0,,0.0,0.0,bandarban,unusable — no scenes,False
1988,1987-11-01,1988-03-31,0,9,0,0,0,0,9,3,10.333333333333334,4.217050266957076,100.0,bandarban,annual,True
1989,1988-11-01,1989-03-31,7,18,0,0,0,0,25,3,4.64,12.695551912357342,100.0,bandarban,annual,True
1990,1989-11-01,1990-03-31,0,16,0,0,0,0,16,3,6.0625,8.108318447189486,100.0,bandarban,annual,True
1991,1990-11-01,1991-03-31,0,2,0,0,0,0,2,2,3.5,0.8499827270582829,82.97615340529589,bandarban,unusable — 0.85 obs/pixel,False
1992,1991-11-01,1992-03-31,0,15,0,0,0,0,15,3,11.266666666666667,6.166072096151669,100.0,bandarban,annual,True
1993,1992-11-01,1993-03-31,0,14,0,0,0,0,14,3,4.357142857142857,6.329840021618849,99.78994286161974,bandarban,annual,True
1994,1993-11-01,1994-03-31,0,15,0,0,0,0,15,3,4.066666666666666,7.863559585687824,100.0,bandarban,annual,True
1995,1994-11-01,1995-03-31,0,15,0,0,0,0,15,3,9.333333333333334,5.984272397555266,100.0,bandarban,annual,True
1996,1995-11-01,1996-03-31,0,14,0,0,0,0,14,3,9.214285714285714,5.817750168826327,100.0,bandarban,annual,True
1997,1996-11-01,1997-03-31,0,12,0,0,0,0,12,3,8.916666666666666,5.576232928954413,100.0,bandarban,annual,True
1998,1997-11-01,1998-03-31,0,14,0,0,0,0,14,3,9.214285714285714,6.526679385531762,100.0,bandarban,annual,True
1999,1998-11-01,1999-03-31,0,23,0,0,0,0,23,3,7.130434782608695,11.726294058420294,100.0,bandarban,annual,True
2000,1999-11-01,2000-03-31,0,21,10,0,0,0,31,4,6.161290322580645,13.643707965508597,100.0,bandarban,annual,True
2001,2000-11-01,2001-03-31,0,19,11,0,0,0,30,3,4.833333333333333,14.814924758384583,100.0,bandarban,annual,True
2002,2001-11-01,2002-03-31,0,0,13,0,0,0,13,3,11.0,6.725160601456028,100.0,bandarban,annual,True
2003,2002-11-01,2003-03-31,0,0,17,0,0,0,17,3,6.470588235294118,9.18543979010181,100.0,bandarban,annual,True
2004,2003-11-01,2004-03-31,0,16,20,20,0,0,36,3,6.0,14.787083600754048,100.0,bandarban,annual,True
2005,2004-11-01,2005-03-31,0,23,20,20,0,0,43,3,6.511627906976744,18.030516334639177,100.0,bandarban,annual,True
2006,2005-11-01,2006-03-31,0,12,18,18,0,0,30,3,5.466666666666667,12.903568444989578,100.0,bandarban,annual,True
2007,2006-11-01,2007-03-31,0,25,23,23,0,0,48,3,4.375,21.216059875935667,100.0,bandarban,annual,True
2008,2007-11-01,2008-03-31,0,9,16,16,0,0,25,3,5.92,9.38382612548756,100.0,bandarban,annual,True
2009,2008-11-01,2009-03-31,0,25,23,23,0,0,48,3,5.25,21.316346334261688,100.0,bandarban,annual,True
2010,2009-11-01,2010-03-31,0,16,20,20,0,0,36,3,5.027777777777778,15.596176860730084,100.0,bandarban,annual,True
2011,2010-11-01,2011-03-31,0,12,19,19,0,0,31,3,3.193548387096774,12.323185539212412,100.0,bandarban,annual,True
2012,2011-11-01,2012-03-31,0,3,25,25,0,0,28,3,6.392857142857143,10.01169897619854,100.0,bandarban,annual,True
2013,2012-11-01,2013-03-31,0,0,20,20,0,0,20,3,7.3,7.24179953963423,99.67838548947996,bandarban,annual,True
2014,2013-11-01,2014-03-31,0,0,27,27,32,0,59,4,5.565254237288134,21.38737254286369,100.0,bandarban,annual,True
2015,2014-11-01,2015-03-31,0,0,25,25,35,0,60,4,7.9738333333333316,22.86204469050778,100.0,bandarban,annual,True
2016,2015-11-01,2016-03-31,0,0,19,19,28,0,47,4,9.15723404255319,17.099632016795475,100.0,bandarban,annual,True
2017,2016-11-01,2017-03-31,0,0,26,26,30,0,56,4,5.952321428571426,20.524629341405564,100.0,bandarban,annual,True
2018,2017-11-01,2018-03-31,0,0,27,27,37,0,64,4,7.8424999999999985,24.060841488896287,100.0,bandarban,annual,True
2019,2018-11-01,2019-03-31,0,0,24,24,31,0,55,4,7.225272727272728,18.178927238194277,100.0,bandarban,annual,True
2020,2019-11-01,2020-03-31,0,0,20,20,30,0,50,4,6.0280000000000005,18.104002766509268,100.0,bandarban,annual,True
2021,2020-11-01,2021-03-31,0,0,23,23,34,0,57,4,6.265438596491228,21.87899793377578,100.0,bandarban,annual,True
2022,2021-11-01,2022-03-31,0,0,23,23,28,27,78,4,5.887051282051281,30.435131729953863,100.0,bandarban,annual,True
2023,2022-11-01,2023-03-31,0,0,22,22,33,32,87,5,6.56264367816092,32.95248706232539,100.0,bandarban,annual,True
2024,2023-11-01,2024-03-31,0,0,6,6,30,32,68,5,8.348970588235296,25.677341377764755,100.0,bandarban,annual,True
