district,split,blocks,area_km2,area_share,target_share,loss_pixels,loss_share
gazipur,train,21,1279.5527218661782,0.7055525840981884,0.7,3199.2235294117645,0.6496661291285909
gazipur,val,3,245.9884210564453,0.13563940208847428,0.15,912.2313725490196,0.1852467697943419
gazipur,test,3,288.00578569029597,0.1588080138133373,0.15,812.9568627450981,0.16508710107706703
sylhet,train,34,2319.7918495320573,0.6814830145474249,0.7,6332.6196078431385,0.6961925829672703
sylhet,val,7,567.2409974463527,0.16663784080136568,0.15,1356.4470588235295,0.14912444454599896
sylhet,test,7,517.001883179375,0.15187914465120947,0.15,1407.007843137255,0.154682972486731
bandarban,train,45,3196.3095904758725,0.6968707795771937,0.7,930553.8392156863,0.6961975978399743
bandarban,val,11,683.8009472319967,0.1490847133810463,0.15,204407.30196078427,0.15292814516352102
bandarban,test,8,706.5498362787415,0.15404450704175987,0.15,201662.0274509804,0.1508742569965046
