point_id,district,stratum,lon,lat,class_t0,class_t3,confidence,notes
GAZ-0001,gazipur,stable_non_forest,90.658398,24.156275,,,,
GAZ-0002,gazipur,stable_non_forest,90.302395,24.214217,,,,
GAZ-0003,gazipur,stable_non_forest,90.381627,23.944183,,,,
GAZ-0004,gazipur,stable_non_forest,90.327458,24.002663,,,,
GAZ-0005,gazipur,stable_non_forest,90.578897,23.974636,,,,
GAZ-0006,gazipur,stable_non_forest,90.5824,24.145765,,,,
GAZ-0007,gazipur,stable_non_forest,90.367613,24.22823,,,,
GAZ-0008,gazipur,stable_non_forest,90.425285,23.90861,,,,
GAZ-0009,gazipur,stable_non_forest,90.480531,24.26057,,,,
GAZ-0010,gazipur,stable_non_forest,90.31587,24.24952,,,,
GAZ-0011,gazipur,stable_non_forest,90.423398,24.05252,,,,
GAZ-0012,gazipur,stable_non_forest,90.261971,24.065456,,,,
GAZ-0013,gazipur,stable_non_forest,90.423668,24.166247,,,,
GAZ-0014,gazipur,stable_non_forest,90.331231,23.97787,,,,
GAZ-0015,gazipur,stable_non_forest,90.480801,24.141184,,,,
GAZ-0016,gazipur,stable_non_forest,90.277602,24.114234,,,,
GAZ-0017,gazipur,stable_non_forest,90.576202,24.074888,,,,
GAZ-0018,gazipur,stable_non_forest,90.49697,23.900525,,,,
GAZ-0019,gazipur,stable_non_forest,90.494545,24.258683,,,,
GAZ-0020,gazipur,stable_non_forest,90.553834,24.060335,,,,
GAZ-0021,gazipur,stable_non_forest,90.497509,23.907532,,,,
GAZ-0022,gazipur,stable_non_forest,90.32099,24.226074,,,,
GAZ-0023,gazipur,stable_non_forest,90.493467,24.257605,,,,
GAZ-0024,gazipur,stable_non_forest,90.287843,24.135524,,,,
GAZ-0025,gazipur,stable_non_forest,90.215079,24.077583,,,,
GAZ-0026,gazipur,stable_non_forest,90.621477,24.174331,,,,
GAZ-0027,gazipur,stable_non_forest,90.465978,24.31366,,,,
GAZ-0028,gazipur,stable_non_forest,90.618243,24.040662,,,,
GAZ-0029,gazipur,stable_non_forest,90.4172,24.27108,,,,
GAZ-0030,gazipur,stable_non_forest,90.301856,24.215025,,,,
GAZ-0031,gazipur,stable_non_forest,90.419625,23.997812,,,,
GAZ-0032,gazipur,stable_non_forest,90.47568,23.968168,,,,
GAZ-0033,gazipur,stable_non_forest,90.327997,23.985685,,,,
GAZ-0034,gazipur,stable_non_forest,90.315062,24.001855,,,,
GAZ-0035,gazipur,stable_non_forest,90.472446,24.154389,,,,
GAZ-0036,gazipur,stable_non_forest,90.541706,24.246825,,,,
GAZ-0037,gazipur,stable_non_forest,90.318026,24.111,,,,
GAZ-0038,gazipur,stable_non_forest,90.634143,24.013713,,,,
GAZ-0039,gazipur,stable_non_forest,90.519069,24.240627,,,,
GAZ-0040,gazipur,stable_non_forest,90.622824,24.220415,,,,
GAZ-0041,gazipur,stable_non_forest,90.229901,24.076235,,,,
GAZ-0042,gazipur,stable_non_forest,90.59857,24.204245,,,,
GAZ-0043,gazipur,stable_non_forest,90.616626,24.03662,,,,
GAZ-0044,gazipur,stable_non_forest,90.63576,24.263534,,,,
GAZ-0045,gazipur,stable_non_forest,90.47029,24.024223,,,,
GAZ-0046,gazipur,stable_non_forest,90.387017,24.209635,,,,
GAZ-0047,gazipur,stable_non_forest,90.340394,24.028535,,,,
GAZ-0048,gazipur,stable_non_forest,90.608002,23.922084,,,,
GAZ-0049,gazipur,stable_non_forest,90.436334,24.33522,,,,
GAZ-0050,gazipur,stable_non_forest,90.545479,23.98326,,,,
GAZ-0051,gazipur,stable_non_forest,90.657859,24.094292,,,,
GAZ-0052,gazipur,stable_non_forest,90.458702,23.970863,,,,
GAZ-0053,gazipur,stable_non_forest,90.54521,24.150885,,,,
GAZ-0054,gazipur,stable_non_forest,90.190555,24.039315,,,,
GAZ-0055,gazipur,stable_non_forest,90.672411,24.160048,,,,
GAZ-0056,gazipur,stable_non_forest,90.294041,23.984068,,,,
GAZ-0057,gazipur,stable_non_forest,90.515026,24.115582,,,,
GAZ-0058,gazipur,stable_non_forest,90.522572,24.064108,,,,
GAZ-0059,gazipur,stable_non_forest,90.306168,23.973558,,,,
GAZ-0060,gazipur,stable_non_forest,90.167917,24.035542,,,,
GAZ-0061,gazipur,stable_non_forest,90.537934,24.148729,,,,
GAZ-0062,gazipur,stable_non_forest,90.341472,24.168942,,,,
GAZ-0063,gazipur,stable_non_forest,90.402378,24.058988,,,,
GAZ-0064,gazipur,stable_non_forest,90.510984,23.883547,,,,
GAZ-0065,gazipur,stable_non_forest,90.643306,24.166247,,,,
GAZ-0066,gazipur,stable_non_forest,90.484843,23.852285,,,,
GAZ-0067,gazipur,stable_non_forest,90.430944,24.029343,,,,
GAZ-0068,gazipur,stable_non_forest,90.654086,24.148999,,,,
GAZ-0069,gazipur,stable_non_forest,90.622824,24.204245,,,,
GAZ-0070,gazipur,stable_non_forest,90.502091,24.222571,,,,
GAZ-0071,gazipur,stable_non_forest,90.659745,24.230386,,,,
GAZ-0072,gazipur,stable_non_forest,90.522303,24.303958,,,,
GAZ-0073,gazipur,stable_non_forest,90.353599,24.053867,,,,
GAZ-0074,gazipur,stable_non_forest,90.524728,23.89244,,,,
GAZ-0075,gazipur,stable_non_forest,90.397527,24.2603,,,,
GAZ-0076,gazipur,stable_non_forest,90.542515,24.00428,,,,
GAZ-0077,gazipur,stable_non_forest,90.57162,24.018294,,,,
GAZ-0078,gazipur,stable_non_forest,90.569464,24.15358,,,,
GAZ-0079,gazipur,stable_non_forest,90.531735,23.914,,,,
GAZ-0080,gazipur,stable_non_forest,90.320182,24.085398,,,,
GAZ-0081,gazipur,stable_non_forest,90.379471,24.20721,,,,
GAZ-0082,gazipur,stable_non_forest,90.401569,23.909688,,,,
GAZ-0083,gazipur,stable_non_forest,90.330962,24.091597,,,,
GAZ-0084,gazipur,stable_non_forest,90.606385,24.12178,,,,
GAZ-0085,gazipur,stable_non_forest,90.489694,24.126092,,,,
GAZ-0086,gazipur,stable_non_forest,90.424476,24.226074,,,,
GAZ-0087,gazipur,stable_non_forest,90.511523,24.070037,,,,
GAZ-0088,gazipur,stable_non_forest,90.400222,23.910496,,,,
GAZ-0089,gazipur,stable_non_forest,90.538203,23.932325,,,,
GAZ-0090,gazipur,stable_non_forest,90.573237,24.15897,,,,
GAZ-0091,gazipur,stable_non_forest,90.323146,24.220145,,,,
GAZ-0092,gazipur,stable_non_forest,90.600726,24.02045,,,,
GAZ-0093,gazipur,stable_non_forest,90.528771,24.109653,,,,
GAZ-0094,gazipur,stable_non_forest,90.428519,23.943375,,,,
GAZ-0095,gazipur,stable_non_forest,90.439029,24.06303,,,,
GAZ-0096,gazipur,stable_non_forest,90.638724,24.103185,,,,
GAZ-0097,gazipur,stable_non_forest,90.405881,24.271619,,,,
GAZ-0098,gazipur,stable_non_forest,90.422859,24.134985,,,,
GAZ-0099,gazipur,stable_non_forest,90.162528,24.062491,,,,
GAZ-0100,gazipur,stable_non_forest,90.334735,24.085398,,,,
GAZ-0101,gazipur,stable_non_forest,90.575393,24.099681,,,,
GAZ-0102,gazipur,stable_non_forest,90.401839,24.240088,,,,
GAZ-0103,gazipur,stable_non_forest,90.658937,24.146843,,,,
GAZ-0104,gazipur,stable_non_forest,90.445497,23.972749,,,,
GAZ-0105,gazipur,stable_non_forest,90.319373,24.182686,,,,
GAZ-0106,gazipur,stable_non_forest,90.336082,24.088902,,,,
GAZ-0107,gazipur,stable_non_forest,90.425554,23.917773,,,,
GAZ-0108,gazipur,stable_non_forest,90.629562,24.134446,,,,
GAZ-0109,gazipur,stable_non_forest,90.4013,24.078661,,,,
GAZ-0110,gazipur,stable_non_forest,90.414236,24.218798,,,,
GAZ-0111,gazipur,stable_non_forest,90.583748,24.23389,,,,
GAZ-0112,gazipur,stable_non_forest,90.617434,24.156545,,,,
GAZ-0113,gazipur,stable_non_forest,90.526076,24.173523,,,,
GAZ-0114,gazipur,stable_non_forest,90.378662,24.099681,,,,
GAZ-0115,gazipur,stable_non_forest,90.314253,24.001316,,,,
GAZ-0116,gazipur,stable_non_forest,90.527154,24.049555,,,,
GAZ-0117,gazipur,stable_non_forest,90.397527,23.886242,,,,
GAZ-0118,gazipur,stable_non_forest,90.351443,23.932056,,,,
GAZ-0119,gazipur,stable_non_forest,90.547096,24.062491,,,,
GAZ-0120,gazipur,stable_non_forest,90.414774,24.12178,,,,
GAZ-0121,gazipur,stable_non_forest,90.500743,24.045513,,,,
GAZ-0122,gazipur,stable_non_forest,90.54494,23.960353,,,,
GAZ-0123,gazipur,stable_non_forest,90.460589,24.158431,,,,
GAZ-0124,gazipur,stable_non_forest,90.211306,24.040123,,,,
GAZ-0125,gazipur,stable_non_forest,90.496162,23.99404,,,,
GAZ-0126,gazipur,stable_non_forest,90.571081,24.106958,,,,
GAZ-0127,gazipur,stable_non_forest,90.301048,24.130673,,,,
GAZ-0128,gazipur,stable_non_forest,90.589676,24.017216,,,,
GAZ-0129,gazipur,stable_non_forest,90.627406,24.162474,,,,
GAZ-0130,gazipur,stable_non_forest,90.322068,24.037698,,,,
GAZ-0131,gazipur,stable_non_forest,90.653816,24.095908,,,,
GAZ-0132,gazipur,stable_non_forest,90.461667,24.252215,,,,
GAZ-0133,gazipur,stable_non_forest,90.602343,23.978139,,,,
GAZ-0134,gazipur,stable_non_forest,90.240412,24.127978,,,,
GAZ-0135,gazipur,stable_non_forest,90.638186,24.105071,,,,
GAZ-0136,gazipur,stable_non_forest,90.53955,23.950381,,,,
GAZ-0137,gazipur,stable_non_forest,90.670794,24.196969,,,,
GAZ-0138,gazipur,stable_non_forest,90.247418,24.140375,,,,
GAZ-0139,gazipur,stable_non_forest,90.489694,24.126631,,,,
GAZ-0140,gazipur,stable_non_forest,90.66271,24.104802,,,,
GAZ-0141,gazipur,stable_non_forest,90.298353,24.240088,,,,
GAZ-0142,gazipur,stable_non_forest,90.376506,24.035003,,,,
GAZ-0143,gazipur,stable_non_forest,90.613392,24.224996,,,,
GAZ-0144,gazipur,stable_non_forest,90.482148,24.032308,,,,
GAZ-0145,gazipur,stable_non_forest,90.554912,24.001316,,,,
GAZ-0146,gazipur,stable_non_forest,90.328536,24.274314,,,,
GAZ-0147,gazipur,stable_non_forest,90.581592,24.007514,,,,
GAZ-0148,gazipur,stable_non_forest,90.253617,24.086746,,,,
GAZ-0149,gazipur,stable_non_forest,90.51853,23.910496,,,,
GAZ-0150,gazipur,stable_non_forest,90.344975,24.24979,,,,
GAZ-0151,gazipur,stable_forest,90.369499,24.176218,,,,
GAZ-0152,gazipur,stable_forest,90.469482,23.954424,,,,
GAZ-0153,gazipur,stable_forest,90.628484,24.010748,,,,
GAZ-0154,gazipur,stable_forest,90.378123,24.177565,,,,
GAZ-0155,gazipur,stable_forest,90.424746,24.146573,,,,
GAZ-0156,gazipur,stable_forest,90.254425,24.053328,,,,
GAZ-0157,gazipur,stable_forest,90.514487,24.105071,,,,
GAZ-0158,gazipur,stable_forest,90.532274,24.136602,,,,
GAZ-0159,gazipur,stable_forest,90.469212,24.125822,,,,
GAZ-0160,gazipur,stable_forest,90.648157,24.020181,,,,
GAZ-0161,gazipur,stable_forest,90.254156,24.109383,,,,
GAZ-0162,gazipur,stable_forest,90.41181,24.102646,,,,
GAZ-0163,gazipur,stable_forest,90.284609,24.218529,,,,
GAZ-0164,gazipur,stable_forest,90.263858,24.058449,,,,
GAZ-0165,gazipur,stable_forest,90.254695,24.143879,,,,
GAZ-0166,gazipur,stable_forest,90.430944,24.244939,,,,
GAZ-0167,gazipur,stable_forest,90.270056,24.115043,,,,
GAZ-0168,gazipur,stable_forest,90.612045,23.979217,,,,
GAZ-0169,gazipur,stable_forest,90.358989,24.200472,,,,
GAZ-0170,gazipur,stable_forest,90.524998,24.162743,,,,
GAZ-0171,gazipur,stable_forest,90.348209,24.212869,,,,
GAZ-0172,gazipur,stable_forest,90.444688,24.123397,,,,
GAZ-0173,gazipur,stable_forest,90.370577,24.098334,,,,
GAZ-0174,gazipur,stable_forest,90.376237,24.183494,,,,
GAZ-0175,gazipur,stable_forest,90.425015,24.295873,,,,
GAZ-0176,gazipur,stable_forest,90.459511,24.158701,,,,
GAZ-0177,gazipur,stable_forest,90.57728,24.087285,,,,
GAZ-0178,gazipur,stable_forest,90.368152,24.168403,,,,
GAZ-0179,gazipur,stable_forest,90.348209,24.215834,,,,
GAZ-0180,gazipur,stable_forest,90.457085,24.101837,,,,
GAZ-0181,gazipur,stable_forest,90.60935,24.205323,,,,
GAZ-0182,gazipur,stable_forest,90.48134,23.94041,,,,
GAZ-0183,gazipur,stable_forest,90.418547,24.092136,,,,
GAZ-0184,gazipur,stable_forest,90.428249,24.327674,,,,
GAZ-0185,gazipur,stable_forest,90.430136,24.139028,,,,
GAZ-0186,gazipur,stable_forest,90.303473,24.084051,,,,
GAZ-0187,gazipur,stable_forest,90.609889,24.04713,,,,
GAZ-0188,gazipur,stable_forest,90.330423,24.059527,,,,
GAZ-0189,gazipur,stable_forest,90.580244,24.201011,,,,
GAZ-0190,gazipur,stable_forest,90.46517,24.080817,,,,
GAZ-0191,gazipur,stable_forest,90.44388,24.075427,,,,
GAZ-0192,gazipur,stable_forest,90.604768,24.100759,,,,
GAZ-0193,gazipur,stable_forest,90.442802,24.065995,,,,
GAZ-0194,gazipur,stable_forest,90.589676,23.999968,,,,
GAZ-0195,gazipur,stable_forest,90.321799,24.179721,,,,
GAZ-0196,gazipur,stable_forest,90.505055,24.141184,,,,
GAZ-0197,gazipur,stable_forest,90.243106,24.050903,,,,
GAZ-0198,gazipur,stable_forest,90.44927,24.174601,,,,
GAZ-0199,gazipur,stable_forest,90.44361,24.082434,,,,
GAZ-0200,gazipur,stable_forest,90.602882,24.097525,,,,
GAZ-0201,gazipur,stable_forest,90.361415,24.204245,,,,
GAZ-0202,gazipur,stable_forest,90.498857,24.140375,,,,
GAZ-0203,gazipur,stable_forest,90.275176,24.167055,,,,
GAZ-0204,gazipur,stable_forest,90.675915,24.182147,,,,
GAZ-0205,gazipur,stable_forest,90.449,24.082164,,,,
GAZ-0206,gazipur,stable_forest,90.551408,24.18053,,,,
GAZ-0207,gazipur,stable_forest,90.50802,24.133907,,,,
GAZ-0208,gazipur,stable_forest,90.367074,24.127709,,,,
GAZ-0209,gazipur,stable_forest,90.58806,24.224188,,,,
GAZ-0210,gazipur,stable_forest,90.541976,23.984877,,,,
GAZ-0211,gazipur,stable_forest,90.613123,24.087285,,,,
GAZ-0212,gazipur,stable_forest,90.652469,24.099681,,,,
GAZ-0213,gazipur,stable_forest,90.325302,24.07893,,,,
GAZ-0214,gazipur,stable_forest,90.367343,24.176757,,,,
GAZ-0215,gazipur,stable_forest,90.523381,24.160318,,,,
GAZ-0216,gazipur,stable_forest,90.366804,24.182147,,,,
GAZ-0217,gazipur,stable_forest,90.616626,24.086207,,,,
GAZ-0218,gazipur,stable_forest,90.514487,24.200742,,,,
GAZ-0219,gazipur,stable_forest,90.433909,24.124744,,,,
GAZ-0220,gazipur,stable_forest,90.360337,24.219607,,,,
GAZ-0221,gazipur,stable_forest,90.382705,24.176757,,,,
GAZ-0222,gazipur,stable_forest,90.451965,24.133907,,,,
GAZ-0223,gazipur,stable_forest,90.439837,24.226074,,,,
GAZ-0224,gazipur,stable_forest,90.426632,24.147112,,,,
GAZ-0225,gazipur,stable_forest,90.425824,24.144957,,,,
GAZ-0226,gazipur,stable_forest,90.532813,23.931247,,,,
GAZ-0227,gazipur,stable_forest,90.459511,24.104532,,,,
GAZ-0228,gazipur,stable_forest,90.31048,23.969246,,,,
GAZ-0229,gazipur,stable_forest,90.533622,23.926396,,,,
GAZ-0230,gazipur,stable_forest,90.378393,24.154658,,,,
GAZ-0231,gazipur,stable_forest,90.243915,24.0792,,,,
GAZ-0232,gazipur,stable_forest,90.541167,24.123666,,,,
GAZ-0233,gazipur,stable_forest,90.224242,24.033386,,,,
GAZ-0234,gazipur,stable_forest,90.441185,24.1269,,,,
GAZ-0235,gazipur,stable_forest,90.59291,24.086746,,,,
GAZ-0236,gazipur,stable_forest,90.585904,23.992423,,,,
GAZ-0237,gazipur,stable_forest,90.354677,24.19616,,,,
GAZ-0238,gazipur,stable_forest,90.581322,24.067342,,,,
GAZ-0239,gazipur,stable_forest,90.599109,24.167055,,,,
GAZ-0240,gazipur,stable_forest,90.620668,24.127709,,,,
GAZ-0241,gazipur,stable_forest,90.407498,24.104802,,,,
GAZ-0242,gazipur,stable_forest,90.585365,24.033116,,,,
GAZ-0243,gazipur,stable_forest,90.520416,24.100759,,,,
GAZ-0244,gazipur,stable_forest,90.447383,24.106688,,,,
GAZ-0245,gazipur,stable_forest,90.392406,24.11639,,,,
GAZ-0246,gazipur,stable_forest,90.524998,23.928552,,,,
GAZ-0247,gazipur,stable_forest,90.457085,23.985416,,,,
GAZ-0248,gazipur,stable_forest,90.488077,24.298568,,,,
GAZ-0249,gazipur,stable_forest,90.610428,23.972749,,,,
GAZ-0250,gazipur,stable_forest,90.588599,24.033655,,,,
GAZ-0251,gazipur,stable_forest,90.317756,23.965473,,,,
GAZ-0252,gazipur,stable_forest,90.543862,23.978139,,,,
GAZ-0253,gazipur,stable_forest,90.514218,24.13256,,,,
GAZ-0254,gazipur,stable_forest,90.517452,24.216373,,,,
GAZ-0255,gazipur,stable_forest,90.540898,24.129056,,,,
GAZ-0256,gazipur,stable_forest,90.441993,24.116929,,,,
GAZ-0257,gazipur,stable_forest,90.462475,24.115043,,,,
GAZ-0258,gazipur,stable_forest,90.247688,24.138219,,,,
GAZ-0259,gazipur,stable_forest,90.554103,24.074349,,,,
GAZ-0260,gazipur,stable_forest,90.605846,24.099412,,,,
GAZ-0261,gazipur,stable_forest,90.593988,24.182147,,,,
GAZ-0262,gazipur,stable_forest,90.575663,24.087554,,,,
GAZ-0263,gazipur,stable_forest,90.430136,24.117738,,,,
GAZ-0264,gazipur,stable_forest,90.402647,24.121241,,,,
GAZ-0265,gazipur,stable_forest,90.290268,24.234429,,,,
GAZ-0266,gazipur,stable_forest,90.281375,24.053598,,,,
GAZ-0267,gazipur,stable_forest,90.335274,24.160857,,,,
GAZ-0268,gazipur,stable_forest,90.359798,24.195082,,,,
GAZ-0269,gazipur,stable_forest,90.454929,24.129326,,,,
GAZ-0270,gazipur,stable_forest,90.578627,24.153041,,,,
GAZ-0271,gazipur,stable_forest,90.496701,24.267577,,,,
GAZ-0272,gazipur,stable_forest,90.405612,24.115312,,,,
GAZ-0273,gazipur,stable_forest,90.282183,24.143879,,,,
GAZ-0274,gazipur,stable_forest,90.257929,24.078391,,,,
GAZ-0275,gazipur,stable_forest,90.359798,24.207479,,,,
GAZ-0276,gazipur,stable_forest,90.562727,23.971941,,,,
GAZ-0277,gazipur,stable_forest,90.626328,24.016138,,,,
GAZ-0278,gazipur,stable_forest,90.335813,24.188345,,,,
GAZ-0279,gazipur,stable_forest,90.442263,24.122858,,,,
GAZ-0280,gazipur,stable_forest,90.357103,24.20721,,,,
GAZ-0281,gazipur,stable_forest,90.360876,24.182686,,,,
GAZ-0282,gazipur,stable_forest,90.585904,24.049286,,,,
GAZ-0283,gazipur,stable_forest,90.396988,24.120432,,,,
GAZ-0284,gazipur,stable_forest,90.343897,24.195621,,,,
GAZ-0285,gazipur,stable_forest,90.548444,23.981912,,,,
GAZ-0286,gazipur,stable_forest,90.333657,24.218529,,,,
GAZ-0287,gazipur,stable_forest,90.522033,24.201011,,,,
GAZ-0288,gazipur,stable_forest,90.305899,24.236854,,,,
GAZ-0289,gazipur,stable_forest,90.47056,24.250868,,,,
GAZ-0290,gazipur,stable_forest,90.596953,24.002933,,,,
GAZ-0291,gazipur,stable_forest,90.291615,24.017216,,,,
GAZ-0292,gazipur,stable_forest,90.403995,24.103993,,,,
GAZ-0293,gazipur,stable_forest,90.253078,24.068959,,,,
GAZ-0294,gazipur,stable_forest,90.434448,24.084051,,,,
GAZ-0295,gazipur,stable_forest,90.449809,24.029613,,,,
GAZ-0296,gazipur,stable_forest,90.284339,24.069498,,,,
GAZ-0297,gazipur,stable_forest,90.436604,24.23928,,,,
GAZ-0298,gazipur,stable_forest,90.484574,23.937985,,,,
GAZ-0299,gazipur,stable_forest,90.409385,24.117738,,,,
GAZ-0300,gazipur,stable_forest,90.497509,24.279165,,,,
GAZ-0301,gazipur,forest_loss,90.303743,23.955232,,,,
GAZ-0302,gazipur,forest_loss,90.297005,24.049555,,,,
GAZ-0303,gazipur,forest_loss,90.515565,24.138758,,,,
GAZ-0304,gazipur,forest_loss,90.360876,24.084051,,,,
GAZ-0305,gazipur,forest_loss,90.290807,24.091058,,,,
GAZ-0306,gazipur,forest_loss,90.304282,24.230117,,,,
GAZ-0307,gazipur,forest_loss,90.267361,24.164091,,,,
GAZ-0308,gazipur,forest_loss,90.457894,24.269732,,,,
GAZ-0309,gazipur,forest_loss,90.394023,24.141723,,,,
GAZ-0310,gazipur,forest_loss,90.39564,23.918581,,,,
GAZ-0311,gazipur,forest_loss,90.263858,24.159779,,,,
GAZ-0312,gazipur,forest_loss,90.429866,24.192118,,,,
GAZ-0313,gazipur,forest_loss,90.668099,24.205323,,,,
GAZ-0314,gazipur,forest_loss,90.302395,24.097525,,,,
GAZ-0315,gazipur,forest_loss,90.275176,24.010748,,,,
GAZ-0316,gazipur,forest_loss,90.402647,24.172714,,,,
GAZ-0317,gazipur,forest_loss,90.507211,24.208288,,,,
GAZ-0318,gazipur,forest_loss,90.398066,24.168403,,,,
GAZ-0319,gazipur,forest_loss,90.356564,24.174601,,,,
GAZ-0320,gazipur,forest_loss,90.325841,24.086207,,,,
GAZ-0321,gazipur,forest_loss,90.322338,24.250868,,,,
GAZ-0322,gazipur,forest_loss,90.387825,24.279434,,,,
GAZ-0323,gazipur,forest_loss,90.358181,24.210983,,,,
GAZ-0324,gazipur,forest_loss,90.25739,24.165977,,,,
GAZ-0325,gazipur,forest_loss,90.319373,24.198586,,,,
GAZ-0326,gazipur,forest_loss,90.279488,23.984607,,,,
GAZ-0327,gazipur,forest_loss,90.403995,24.216103,,,,
GAZ-0328,gazipur,forest_loss,90.287573,24.186189,,,,
GAZ-0329,gazipur,forest_loss,90.281914,24.058179,,,,
GAZ-0330,gazipur,forest_loss,90.456816,24.292101,,,,
GAZ-0331,gazipur,forest_loss,90.364918,24.129865,,,,
GAZ-0332,gazipur,forest_loss,90.388095,24.279434,,,,
GAZ-0333,gazipur,forest_loss,90.425285,24.175948,,,,
GAZ-0334,gazipur,forest_loss,90.439029,24.127978,,,,
GAZ-0335,gazipur,forest_loss,90.327189,24.209366,,,,
GAZ-0336,gazipur,forest_loss,90.391867,24.141453,,,,
GAZ-0337,gazipur,forest_loss,90.258737,24.157892,,,,
GAZ-0338,gazipur,forest_loss,90.4013,24.172445,,,,
GAZ-0339,gazipur,forest_loss,90.37974,24.087554,,,,
GAZ-0340,gazipur,forest_loss,90.480801,23.889476,,,,
GAZ-0341,gazipur,forest_loss,90.299431,24.092944,,,,
GAZ-0342,gazipur,forest_loss,90.243376,24.184572,,,,
GAZ-0343,gazipur,forest_loss,90.357372,24.273505,,,,
GAZ-0344,gazipur,forest_loss,90.421242,24.246017,,,,
GAZ-0345,gazipur,forest_loss,90.386208,24.152233,,,,
GAZ-0346,gazipur,forest_loss,90.450078,24.070037,,,,
GAZ-0347,gazipur,forest_loss,90.48107,23.889745,,,,
GAZ-0348,gazipur,forest_loss,90.48134,23.890554,,,,
GAZ-0349,gazipur,forest_loss,90.290268,24.210983,,,,
GAZ-0350,gazipur,forest_loss,90.338238,24.211522,,,,
GAZ-0351,gazipur,forest_loss,90.364918,24.134716,,,,
GAZ-0352,gazipur,forest_loss,90.323416,24.214756,,,,
GAZ-0353,gazipur,forest_loss,90.299161,24.094022,,,,
GAZ-0354,gazipur,forest_loss,90.240142,24.078122,,,,
GAZ-0355,gazipur,forest_loss,90.443071,24.237393,,,,
GAZ-0356,gazipur,forest_loss,90.2361,24.054137,,,,
GAZ-0357,gazipur,forest_loss,90.297814,24.238471,,,,
GAZ-0358,gazipur,forest_loss,90.280297,24.037159,,,,
GAZ-0359,gazipur,forest_loss,90.448461,24.070845,,,,
GAZ-0360,gazipur,forest_loss,90.29458,24.218529,,,,
GAZ-0361,gazipur,forest_loss,90.345514,24.187267,,,,
GAZ-0362,gazipur,forest_loss,90.268169,24.16463,,,,
GAZ-0363,gazipur,forest_loss,90.402378,24.191849,,,,
GAZ-0364,gazipur,forest_loss,90.397527,24.183225,,,,
GAZ-0365,gazipur,forest_loss,90.366535,24.154389,,,,
GAZ-0366,gazipur,forest_loss,90.251461,24.162204,,,,
GAZ-0367,gazipur,forest_loss,90.450617,24.072193,,,,
GAZ-0368,gazipur,forest_loss,90.372733,24.093214,,,,
GAZ-0369,gazipur,forest_loss,90.306168,24.230925,,,,
GAZ-0370,gazipur,forest_loss,90.451426,24.308001,,,,
GAZ-0371,gazipur,forest_loss,90.274368,24.152233,,,,
GAZ-0372,gazipur,forest_loss,90.259815,24.161126,,,,
GAZ-0373,gazipur,forest_loss,90.263049,24.15897,,,,
GAZ-0374,gazipur,forest_loss,90.265205,24.155197,,,,
GAZ-0375,gazipur,forest_loss,90.297814,24.246825,,,,
GAZ-0376,gazipur,forest_loss,90.393484,24.173253,,,,
GAZ-0377,gazipur,forest_loss,90.318834,24.199394,,,,
GAZ-0378,gazipur,forest_loss,90.464362,24.262726,,,,
GAZ-0379,gazipur,forest_loss,90.270056,24.161665,,,,
GAZ-0380,gazipur,forest_loss,90.38513,24.119085,,,,
GAZ-0381,gazipur,forest_loss,90.279219,24.174062,,,,
GAZ-0382,gazipur,forest_loss,90.39052,24.136602,,,,
GAZ-0383,gazipur,forest_loss,90.414774,24.169481,,,,
GAZ-0384,gazipur,forest_loss,90.388364,24.279434,,,,
GAZ-0385,gazipur,forest_loss,90.48673,24.249251,,,,
GAZ-0386,gazipur,forest_loss,90.510984,24.220145,,,,
GAZ-0387,gazipur,forest_loss,90.233405,24.058179,,,,
GAZ-0388,gazipur,forest_loss,90.451965,24.057101,,,,
GAZ-0389,gazipur,forest_loss,90.596683,24.034733,,,,
GAZ-0390,gazipur,forest_loss,90.321529,24.081625,,,,
GAZ-0391,gazipur,forest_loss,90.512601,24.104263,,,,
GAZ-0392,gazipur,forest_loss,90.315331,24.202628,,,,
GAZ-0393,gazipur,forest_loss,90.23071,24.161665,,,,
GAZ-0394,gazipur,forest_loss,90.261163,24.122319,,,,
GAZ-0395,gazipur,forest_loss,90.290537,24.079739,,,,
GAZ-0396,gazipur,forest_loss,90.495892,24.263534,,,,
GAZ-0397,gazipur,forest_loss,90.548713,24.184572,,,,
GAZ-0398,gazipur,forest_loss,90.32665,24.127709,,,,
GAZ-0399,gazipur,forest_loss,90.2361,24.147921,,,,
GAZ-0400,gazipur,forest_loss,90.426632,24.095639,,,,
GAZ-0401,gazipur,forest_loss,90.311558,23.978139,,,,
GAZ-0402,gazipur,forest_loss,90.500474,23.863065,,,,
GAZ-0403,gazipur,forest_loss,90.327728,24.175409,,,,
GAZ-0404,gazipur,forest_loss,90.253617,24.037967,,,,
GAZ-0405,gazipur,forest_loss,90.499396,23.862526,,,,
GAZ-0406,gazipur,forest_loss,90.354947,24.085398,,,,
GAZ-0407,gazipur,forest_loss,90.298353,24.093214,,,,
GAZ-0408,gazipur,forest_loss,90.24634,24.074618,,,,
GAZ-0409,gazipur,forest_loss,90.444688,24.088093,,,,
GAZ-0410,gazipur,forest_loss,90.393754,24.182955,,,,
GAZ-0411,gazipur,forest_loss,90.281914,24.209905,,,,
GAZ-0412,gazipur,forest_loss,90.276524,24.150077,,,,
GAZ-0413,gazipur,forest_loss,90.29431,24.05225,,,,
GAZ-0414,gazipur,forest_loss,90.465439,24.051172,,,,
GAZ-0415,gazipur,forest_loss,90.274368,24.165438,,,,
GAZ-0416,gazipur,forest_loss,90.48673,24.133099,,,,
GAZ-0417,gazipur,forest_loss,90.445227,24.242514,,,,
GAZ-0418,gazipur,forest_loss,90.27329,24.021797,,,,
GAZ-0419,gazipur,forest_loss,90.345514,24.139028,,,,
GAZ-0420,gazipur,forest_loss,90.259815,24.054406,,,,
GAZ-0421,gazipur,forest_loss,90.365996,24.102646,,,,
GAZ-0422,gazipur,forest_loss,90.256851,24.16463,,,,
GAZ-0423,gazipur,forest_loss,90.449539,24.075157,,,,
GAZ-0424,gazipur,forest_loss,90.226128,24.083512,,,,
GAZ-0425,gazipur,forest_loss,90.490502,24.269194,,,,
GAZ-0426,gazipur,forest_loss,90.257659,24.151424,,,,
GAZ-0427,gazipur,forest_loss,90.294041,24.05225,,,,
GAZ-0428,gazipur,forest_loss,90.277871,24.154389,,,,
GAZ-0429,gazipur,forest_loss,90.450348,24.074349,,,,
GAZ-0430,gazipur,forest_loss,90.239603,24.078661,,,,
GAZ-0431,gazipur,forest_loss,90.274637,24.203437,,,,
GAZ-0432,gazipur,forest_loss,90.300509,24.097256,,,,
GAZ-0433,gazipur,forest_loss,90.301317,24.243322,,,,
GAZ-0434,gazipur,forest_loss,90.599648,24.049555,,,,
GAZ-0435,gazipur,forest_loss,90.483226,23.851477,,,,
GAZ-0436,gazipur,forest_loss,90.245801,24.067342,,,,
GAZ-0437,gazipur,forest_loss,90.281105,24.172175,,,,
GAZ-0438,gazipur,forest_loss,90.282722,24.179721,,,,
GAZ-0439,gazipur,forest_loss,90.31048,24.207479,,,,
GAZ-0440,gazipur,forest_loss,90.584556,24.180799,,,,
GAZ-0441,gazipur,forest_loss,90.375428,24.165438,,,,
GAZ-0442,gazipur,forest_loss,90.32665,24.232273,,,,
GAZ-0443,gazipur,forest_loss,90.441724,24.141992,,,,
GAZ-0444,gazipur,forest_loss,90.39564,24.172175,,,,
GAZ-0445,gazipur,forest_loss,90.313175,24.050364,,,,
GAZ-0446,gazipur,forest_loss,90.600187,24.160318,,,,
GAZ-0447,gazipur,forest_loss,90.443071,24.237663,,,,
GAZ-0448,gazipur,forest_loss,90.425554,24.02584,,,,
GAZ-0449,gazipur,forest_loss,90.431483,24.072462,,,,
GAZ-0450,gazipur,forest_loss,90.359259,24.271619,,,,
GAZ-0451,gazipur,forest_loss,90.442532,23.928283,,,,
GAZ-0452,gazipur,forest_loss,90.393215,24.173792,,,,
GAZ-0453,gazipur,forest_loss,90.354947,24.096986,,,,
GAZ-0454,gazipur,forest_loss,90.300239,24.240358,,,,
GAZ-0455,gazipur,forest_loss,90.319643,24.198855,,,,
GAZ-0456,gazipur,forest_loss,90.339855,24.157353,,,,
GAZ-0457,gazipur,forest_loss,90.254425,24.071654,,,,
GAZ-0458,gazipur,forest_loss,90.387017,24.137141,,,,
GAZ-0459,gazipur,forest_loss,90.246071,24.071384,,,,
GAZ-0460,gazipur,forest_loss,90.264397,24.161396,,,,
GAZ-0461,gazipur,forest_loss,90.401839,24.174062,,,,
GAZ-0462,gazipur,forest_loss,90.445227,24.134177,,,,
GAZ-0463,gazipur,forest_loss,90.26278,24.15897,,,,
GAZ-0464,gazipur,forest_loss,90.603421,24.028265,,,,
GAZ-0465,gazipur,forest_loss,90.384322,24.096178,,,,
GAZ-0466,gazipur,forest_loss,90.328806,24.172445,,,,
GAZ-0467,gazipur,forest_loss,90.438221,24.304228,,,,
GAZ-0468,gazipur,forest_loss,90.306438,24.229847,,,,
GAZ-0469,gazipur,forest_loss,90.600995,24.051442,,,,
GAZ-0470,gazipur,forest_loss,90.26278,24.161126,,,,
GAZ-0471,gazipur,forest_loss,90.319643,23.963856,,,,
GAZ-0472,gazipur,forest_loss,90.444149,24.087554,,,,
GAZ-0473,gazipur,forest_loss,90.319912,24.190232,,,,
GAZ-0474,gazipur,forest_loss,90.602073,24.251407,,,,
GAZ-0475,gazipur,forest_loss,90.27329,24.16436,,,,
GAZ-0476,gazipur,forest_loss,90.384861,24.172175,,,,
GAZ-0477,gazipur,forest_loss,90.249574,24.067612,,,,
GAZ-0478,gazipur,forest_loss,90.234752,24.056023,,,,
GAZ-0479,gazipur,forest_loss,90.392676,24.182416,,,,
GAZ-0480,gazipur,forest_loss,90.28407,24.179452,,,,
GAZ-0481,gazipur,forest_loss,90.449539,24.072193,,,,
GAZ-0482,gazipur,forest_loss,90.43337,24.104532,,,,
GAZ-0483,gazipur,forest_loss,90.291076,24.138219,,,,
GAZ-0484,gazipur,forest_loss,90.439299,24.07381,,,,
GAZ-0485,gazipur,forest_loss,90.303473,24.204515,,,,
GAZ-0486,gazipur,forest_loss,90.447114,24.07381,,,,
GAZ-0487,gazipur,forest_loss,90.280836,24.035003,,,,
GAZ-0488,gazipur,forest_loss,90.574315,24.093753,,,,
GAZ-0489,gazipur,forest_loss,90.536586,23.967899,,,,
GAZ-0490,gazipur,forest_loss,90.450617,24.071923,,,,
GAZ-0491,gazipur,forest_loss,90.284878,24.18053,,,,
GAZ-0492,gazipur,forest_loss,90.263049,24.160857,,,,
GAZ-0493,gazipur,forest_loss,90.434717,24.237932,,,,
GAZ-0494,gazipur,forest_loss,90.288921,24.189423,,,,
GAZ-0495,gazipur,forest_loss,90.271942,24.150616,,,,
GAZ-0496,gazipur,forest_loss,90.348748,24.19131,,,,
GAZ-0497,gazipur,forest_loss,90.520147,24.145226,,,,
GAZ-0498,gazipur,forest_loss,90.323416,24.168672,,,,
GAZ-0499,gazipur,forest_loss,90.18247,24.080817,,,,
GAZ-0500,gazipur,forest_loss,90.32126,24.069498,,,,
